date,460512,567974,242896,369723,364543,500096,424099,225769,344972,424161,218220,3482019ha,3481950ha,3482022ha,3482042ha,253781,399260,600090,474807,586838,552231,620132,64895,305586ha,378729,481790,599580,564794,8452,129146
Jan-01-2015,*,*,500,475,500,495,*,*,*,*,736,736,736,736,736,439,439,415,439,439,*,439,600,*,385,*,*,*,*,*
Jan-02-2015,*,*,500,475,500,495,*,500,*,*,736,736,736,736,736,439,439,415,439,439,*,439,600,*,385,*,*,*,*,*
Jan-03-2015,*,550,500,475,500,495,*,500,*,*,736,736,736,736,736,439,439,415,439,439,*,439,600,*,385,*,*,*,*,*
Jan-04-2015,*,550,500,475,500,495,*,500,*,*,736,736,736,736,736,439,439,415,439,439,*,439,600,*,385,*,*,*,*,*
Jan-05-2015,*,550,500,475,500,495,*,500,*,*,736,736,736,736,736,439,439,415,439,439,*,439,600,*,385,*,*,*,*,*
Jan-06-2015,*,550,500,475,500,495,*,500,*,*,736,736,736,736,736,439,439,415,439,439,*,439,600,*,385,*,*,*,*,*
Jan-07-2015,*,550,500,475,500,495,*,500,*,*,736,736,736,736,736,439,439,415,439,439,*,439,600,*,385,*,*,*,*,*
Jan-08-2015,*,550,500,475,500,495,*,500,*,*,736,736,736,736,736,439,439,415,439,439,*,439,600,*,385,*,*,*,*,*
Jan-09-2015,*,550,500,475,500,495,*,500,*,*,736,736,736,736,736,439,439,415,439,439,*,439,600,*,385,*,*,*,*,*
Jan-10-2015,*,550,500,475,500,495,*,500,*,*,736,736,736,736,736,439,439,415,439,439,*,439,600,*,385,*,*,*,*,*
Jan-11-2015,*,550,500,475,500,495,*,500,*,*,736,736,736,736,736,439,439,415,439,439,*,439,600,*,385,*,*,*,*,*
Jan-12-2015,*,550,500,475,500,495,*,500,*,*,736,736,736,736,736,439,439,415,439,439,*,439,600,*,385,*,*,*,*,*
Jan-13-2015,*,550,500,475,500,495,*,500,*,*,736,736,736,736,736,439,439,415,439,439,*,439,600,*,385,*,*,*,*,*
Jan-14-2015,*,550,500,475,500,495,*,500,*,*,736,736,736,736,736,439,439,415,439,439,*,439,600,*,385,*,*,*,*,*
Jan-15-2015,*,550,500,475,500,495,*,500,*,*,736,736,736,736,736,439,439,415,439,439,*,439,600,*,385,*,*,*,*,*
Jan-16-2015,*,550,500,475,500,495,*,500,*,*,736,736,736,736,736,439,439,415,439,439,*,439,600,*,385,*,*,*,*,*
Jan-17-2015,*,550,500,475,500,495,*,500,*,*,736,736,736,736,736,439,439,415,439,439,*,439,600,*,385,*,*,*,*,*
Jan-18-2015,*,550,500,475,500,495,*,500,*,*,736,736,736,736,736,439,439,415,439,439,*,439,600,*,385,*,*,*,*,*
Jan-19-2015,*,550,500,475,500,495,*,500,*,*,736,736,736,736,736,439,439,415,439,439,*,439,600,*,385,*,*,*,*,*
Jan-20-2015,*,550,500,475,500,495,*,500,*,*,736,736,736,736,736,439,439,415,439,439,*,439,600,*,385,*,*,*,*,*
Jan-21-2015,*,550,500,475,500,495,*,500,*,*,736,736,736,736,736,439,439,415,439,439,*,439,600,*,385,*,*,*,*,*
Jan-22-2015,*,550,500,475,500,495,*,500,*,*,736,736,736,736,736,439,439,415,439,439,*,439,600,*,385,*,*,*,*,*
Jan-23-2015,*,550,500,475,500,495,*,500,*,*,736,736,736,736,736,439,439,415,439,439,*,439,600,*,385,*,*,*,*,*
Jan-24-2015,*,550,500,475,500,495,*,500,*,*,736,736,736,736,736,439,439,415,439,439,*,439,600,*,385,*,*,*,*,*
Jan-25-2015,*,550,500,475,500,495,*,500,*,*,736,736,736,736,736,439,439,415,439,439,*,439,600,*,385,*,*,*,*,*
Jan-26-2015,*,550,500,475,500,495,*,500,*,*,736,736,736,736,736,439,439,415,439,439,*,439,600,*,385,*,*,*,*,*
Jan-27-2015,*,550,500,475,500,495,*,500,*,*,736,736,736,736,736,439,439,415,439,439,*,439,600,*,385,*,*,*,*,*
Jan-28-2015,*,550,500,475,500,495,*,500,*,*,736,736,736,736,736,439,439,415,439,439,*,439,600,*,385,*,*,*,*,*
Jan-29-2015,*,550,500,475,500,495,*,500,*,*,736,736,736,736,736,439,439,415,439,439,*,439,600,*,385,*,*,*,*,*
Jan-30-2015,*,550,500,475,500,495,*,500,*,*,736,736,736,736,736,439,439,415,439,439,*,439,600,*,385,*,*,*,*,*
Jan-31-2015,*,550,500,475,500,495,*,500,*,*,736,736,736,736,736,439,439,415,439,439,*,439,600,*,385,*,*,*,*,*
Feb-01-2015,*,550,500,475,500,495,*,500,*,*,736,736,736,736,736,439,439,415,439,439,*,439,600,*,385,*,*,*,*,*
Feb-02-2015,*,550,500,475,500,495,*,500,*,*,736,736,736,736,736,439,439,415,439,439,*,439,600,*,385,*,*,*,*,*
Feb-03-2015,*,550,500,475,500,495,*,500,*,*,736,736,736,736,736,439,439,415,439,439,*,439,600,*,385,*,*,*,*,*
Feb-04-2015,*,550,500,475,500,495,*,500,*,*,736,736,736,736,736,439,439,415,439,439,*,439,600,*,385,*,*,*,*,*
Feb-05-2015,*,550,500,475,500,495,*,500,*,*,736,736,736,736,736,439,439,415,439,439,*,439,600,*,385,*,*,*,*,*
Feb-06-2015,*,550,500,475,500,495,*,500,*,*,736,736,736,736,736,439,439,415,439,439,*,439,600,*,385,*,*,*,*,*
Feb-07-2015,*,550,500,475,500,495,*,500,*,*,736,736,736,736,736,439,439,415,439,439,*,439,600,*,385,*,*,*,*,*
Feb-08-2015,*,550,500,475,500,495,*,500,*,*,736,736,736,736,736,439,439,415,439,439,*,439,600,*,385,*,*,*,*,*
Feb-09-2015,*,550,500,475,500,495,*,500,*,*,736,736,736,736,736,439,439,415,439,439,*,439,600,*,385,*,*,*,*,*
Feb-10-2015,*,550,500,475,500,495,*,500,*,*,736,736,736,736,736,439,439,415,439,439,*,439,600,*,385,*,*,*,*,*
Feb-11-2015,*,550,500,475,500,495,*,500,*,*,736,736,736,736,736,439,439,415,439,439,*,439,600,*,385,*,*,*,*,*
Feb-12-2015,*,550,500,475,500,495,*,500,*,*,736,736,736,736,736,439,439,415,439,439,*,439,600,*,385,*,*,*,*,*
Feb-13-2015,*,550,500,475,500,495,*,500,*,*,736,736,736,736,736,439,439,415,439,439,*,439,600,*,385,*,*,*,*,*
Feb-14-2015,*,550,500,475,500,495,*,500,*,*,736,736,736,736,736,439,439,415,439,439,*,439,600,*,385,*,*,*,*,*
Feb-15-2015,*,550,500,475,500,495,*,500,*,*,736,736,736,736,736,439,439,415,439,439,*,439,600,*,385,*,*,*,*,*
Feb-16-2015,*,550,500,475,500,495,*,500,*,*,736,736,736,736,736,439,439,415,439,439,*,439,600,*,385,*,*,*,*,*
Feb-17-2015,*,550,500,475,500,495,*,500,*,*,736,736,736,736,736,439,439,415,439,439,*,439,600,*,385,*,*,*,*,*
Feb-18-2015,*,550,500,475,500,495,*,500,*,*,736,736,736,736,736,439,439,415,439,439,*,439,600,*,385,*,*,*,*,*
Feb-19-2015,*,550,500,475,500,495,*,500,*,*,736,736,736,736,736,439,439,415,439,439,*,439,600,*,385,*,*,*,*,*
Feb-20-2015,*,550,500,475,500,495,*,500,*,*,736,736,736,736,736,439,439,415,439,439,*,439,600,*,385,*,*,*,*,*
Feb-21-2015,*,550,500,475,500,495,*,500,*,*,736,736,736,736,736,439,439,415,439,439,*,439,600,*,385,*,*,*,*,*
Feb-22-2015,*,550,500,475,500,495,*,500,*,*,736,736,736,736,736,439,439,415,439,439,*,439,600,*,385,*,*,*,*,*
Feb-23-2015,*,550,500,475,500,495,*,500,*,*,736,736,736,736,736,439,439,415,439,439,*,439,600,*,385,*,*,*,*,*
Feb-24-2015,*,550,500,475,500,495,*,500,*,*,736,736,736,736,736,439,439,415,439,439,*,439,600,*,385,*,*,*,*,*
Feb-25-2015,*,550,500,475,500,495,*,500,*,*,736,736,736,736,736,439,439,415,439,439,*,439,600,*,385,*,*,*,*,*
Feb-26-2015,*,550,500,475,500,495,*,500,*,*,736,736,736,736,736,439,439,415,439,439,*,439,600,*,385,*,*,*,*,*
Feb-27-2015,*,550,500,475,500,495,*,500,*,*,736,736,736,736,736,439,439,415,439,439,*,439,600,*,385,*,*,*,*,*
Feb-28-2015,*,550,500,475,500,495,*,500,*,*,736,736,736,736,736,439,439,415,439,439,*,439,600,*,385,*,*,*,*,*
Mar-01-2015,800,550,725,475,725,495,*,500,*,*,1074,1074,1074,1074,962,769,799,709,769,799,*,769,600,*,*,*,*,*,*,*
Mar-02-2015,800,550,725,475,725,495,*,500,*,*,1074,1074,1074,1074,962,769,799,709,769,799,*,769,600,*,*,*,*,*,*,*
Mar-03-2015,800,550,725,475,725,495,*,500,*,*,1074,1074,1074,1074,962,769,799,709,769,799,*,769,600,*,*,*,*,*,*,*
Mar-04-2015,800,550,725,475,725,495,*,500,*,*,1074,1074,1074,1074,962,769,799,709,769,799,*,769,600,*,*,*,*,*,*,*
Mar-05-2015,800,550,725,475,725,495,*,500,*,*,1074,1074,1074,1074,962,769,799,709,769,799,*,769,600,*,*,*,*,*,*,*
Mar-06-2015,800,550,725,475,725,495,*,500,*,*,1074,1074,1074,1074,962,769,799,709,769,799,*,769,600,*,*,*,*,*,*,*
Mar-07-2015,800,550,725,475,725,495,*,500,*,*,1074,1074,1074,1074,978,769,799,709,769,799,*,769,600,*,*,*,*,*,*,*
Mar-08-2015,800,795,725,475,725,495,*,500,*,*,1074,1074,1074,1074,978,769,799,709,769,799,*,769,600,*,*,*,*,*,*,*
Mar-09-2015,800,795,725,475,725,495,*,500,*,*,1074,1074,1074,1074,978,769,799,709,769,799,*,769,600,*,*,*,*,*,*,*
Mar-10-2015,800,795,725,475,725,495,*,500,*,*,1074,1074,1074,1074,978,769,799,709,769,799,*,769,600,*,*,*,*,*,*,*
Mar-11-2015,800,795,725,475,725,495,*,500,*,*,1074,1074,1074,1074,978,769,799,709,769,799,*,769,600,*,*,*,*,*,*,*
Mar-12-2015,800,795,725,475,725,495,*,500,*,*,1074,1074,1074,1074,978,769,799,709,769,799,*,769,600,*,*,*,*,*,*,*
Mar-13-2015,800,795,725,475,725,495,*,500,*,*,1074,1074,1074,1074,978,769,799,709,769,799,*,769,600,*,*,*,*,*,*,*
Mar-14-2015,800,795,725,475,725,850,*,775,*,*,1074,1074,1074,1074,978,769,799,769,769,799,*,769,735,*,*,*,*,*,*,*
Mar-15-2015,800,795,725,800,725,850,*,775,*,*,1074,1074,1074,1074,978,769,799,769,769,799,*,769,735,*,*,*,*,*,*,*
Mar-16-2015,800,795,725,800,725,850,*,775,*,*,1074,1074,1074,1074,978,769,799,769,769,799,*,769,735,*,*,*,*,*,*,*
Mar-17-2015,800,795,725,800,725,850,*,775,*,*,1074,1074,1074,1074,978,769,799,769,769,799,*,769,735,*,*,*,*,*,*,*
Mar-18-2015,800,795,725,800,725,850,*,775,*,*,1074,1074,1074,1074,978,769,799,769,769,799,*,769,735,*,*,*,*,*,*,*
Mar-19-2015,800,795,725,800,725,850,*,775,*,*,1074,1074,1074,1074,978,769,799,769,769,799,*,769,735,*,*,*,*,*,*,*
Mar-20-2015,800,795,725,800,725,850,*,775,*,*,1074,1074,1074,1074,978,769,799,769,769,799,*,769,735,*,*,*,*,*,*,*
Mar-21-2015,800,795,725,800,725,850,*,775,*,*,1074,1074,1074,1074,978,769,799,769,769,799,*,769,735,*,*,*,*,*,*,*
Mar-22-2015,800,795,725,800,725,850,*,775,*,*,1074,1074,1074,1074,978,769,799,769,769,799,*,769,735,*,*,*,*,*,*,*
Mar-23-2015,800,795,725,800,725,850,*,775,*,*,1074,1074,1074,1074,978,769,799,769,769,799,*,769,735,*,*,*,*,*,*,*
Mar-24-2015,800,795,725,800,725,850,*,775,*,*,1074,1074,1074,1074,978,769,799,769,769,799,*,769,735,*,*,*,*,*,*,*
Mar-25-2015,800,795,725,800,725,850,*,775,*,*,1074,1074,1074,1074,978,769,799,769,769,799,*,769,735,*,*,*,*,*,*,*
Mar-26-2015,800,795,725,800,725,850,*,775,*,*,1074,1074,1074,1074,978,769,799,769,769,799,*,769,735,*,*,*,*,*,*,*
Mar-27-2015,800,795,725,800,725,850,*,775,*,*,1074,1074,1074,1074,978,769,799,769,769,799,*,769,735,*,*,*,*,*,*,*
Mar-28-2015,800,795,875,800,875,850,*,775,*,*,1074,1074,1074,1074,978,769,799,769,769,799,*,769,735,*,*,*,*,*,*,*
Mar-29-2015,800,795,875,800,875,850,*,775,*,*,1074,1074,1074,1074,978,769,799,769,769,799,*,769,735,*,*,*,*,*,*,*
Mar-30-2015,800,795,875,800,875,850,*,775,*,*,1074,1074,1074,1074,978,769,799,769,769,799,*,769,735,*,*,*,*,*,*,*
Mar-31-2015,800,795,875,800,875,850,*,775,*,*,1074,1074,1074,1074,978,769,799,769,769,799,*,769,735,*,*,*,*,*,*,*
Apr-01-2015,800,795,875,800,875,850,*,775,*,*,1074,1074,1074,1074,978,769,799,769,769,799,*,769,735,*,*,*,*,*,*,*
Apr-02-2015,800,795,875,800,875,850,*,775,*,*,1074,1074,1074,1074,978,769,799,769,769,799,*,769,735,*,*,*,*,*,*,*
Apr-03-2015,800,795,875,800,875,850,*,775,*,*,1074,1074,1074,1074,978,769,799,769,769,799,*,769,735,*,*,*,*,*,*,*
Apr-04-2015,800,795,875,800,875,850,*,775,*,*,1074,1074,1074,1074,1074,769,799,769,769,799,*,769,735,*,*,*,*,*,*,*
Apr-05-2015,800,795,875,800,875,850,*,775,*,*,1074,1074,1074,1074,1074,769,799,769,769,799,*,769,735,*,*,*,*,*,*,*
Apr-06-2015,800,795,875,800,875,850,*,775,*,*,1074,1074,1074,1074,1074,769,799,769,769,799,*,769,735,*,*,*,*,*,*,*
Apr-07-2015,800,795,875,800,875,850,*,775,*,*,1074,1074,1074,1074,1074,769,799,769,769,799,*,769,735,*,*,*,*,*,*,*
Apr-08-2015,800,795,875,800,875,850,*,775,*,*,1074,1074,1074,1074,1074,769,799,769,769,799,*,769,735,*,*,*,*,*,*,*
Apr-09-2015,800,795,875,800,875,850,*,775,*,*,1074,1074,1074,1074,1074,769,799,769,769,799,*,769,735,*,*,*,*,*,*,*
Apr-10-2015,800,795,875,800,875,850,*,775,*,*,1074,1074,1074,1074,1074,769,799,769,769,799,*,769,735,*,*,*,*,*,*,*
Apr-11-2015,715,795,825,800,825,695,*,675,*,*,1010,1010,1010,1010,1010,769,799,769,769,799,*,769,735,*,*,*,*,*,*,*
Apr-12-2015,715,795,825,800,825,695,*,675,*,*,1010,1010,1010,1010,1010,769,799,769,769,799,*,769,735,*,*,*,*,*,*,*
Apr-13-2015,715,795,825,800,825,695,*,675,*,*,1010,1010,1010,1010,1010,769,799,769,769,799,*,769,735,*,*,*,*,*,*,*
Apr-14-2015,715,795,825,800,825,695,*,675,*,*,1010,1010,1010,1010,1010,769,799,769,769,799,*,769,735,*,*,*,*,*,*,*
Apr-15-2015,715,795,825,800,825,695,*,675,*,*,1010,1010,1010,1010,1010,769,799,769,769,799,*,769,735,*,*,*,*,*,*,*
Apr-16-2015,715,795,825,800,825,695,*,675,*,*,1010,1010,1010,1010,1010,769,799,769,769,799,*,769,735,*,*,*,*,*,*,*
Apr-17-2015,715,795,825,800,825,695,*,675,*,*,1010,1010,1010,1010,1010,769,799,769,769,799,*,769,735,*,*,*,*,*,*,*
Apr-18-2015,715,795,825,800,825,695,*,675,*,*,1010,1010,1010,1010,1010,769,799,769,769,799,*,769,735,*,*,*,*,*,*,*
Apr-19-2015,715,795,825,800,825,695,*,675,*,*,1010,1010,1010,1010,1010,769,799,769,769,799,*,769,735,*,*,*,*,*,*,*
Apr-20-2015,715,795,825,800,825,695,*,675,*,*,1010,1010,1010,1010,1010,769,799,769,769,799,*,769,735,*,*,*,*,*,*,*
Apr-21-2015,715,795,825,800,825,695,*,675,*,*,1010,1010,1010,1010,1010,769,799,769,769,799,*,769,735,*,*,*,*,*,*,*
Apr-22-2015,715,795,825,800,825,695,*,675,*,*,1010,1010,1010,1010,1010,769,799,769,769,799,*,769,735,*,*,*,*,*,*,*
Apr-23-2015,715,795,825,800,825,695,*,675,*,*,1010,1010,1010,1010,1010,769,799,769,769,799,*,769,735,*,*,*,*,*,*,*
Apr-24-2015,715,795,825,800,825,695,*,675,*,*,1010,1010,1010,1010,1010,769,799,769,769,799,*,769,735,*,*,*,*,*,*,*
Apr-25-2015,715,795,825,800,825,695,*,675,*,*,1010,1010,1010,1010,1010,769,799,769,769,799,*,769,735,*,*,*,*,*,*,*
Apr-26-2015,715,795,825,800,825,695,*,675,*,*,1010,1010,1010,1010,1010,769,799,769,769,799,*,769,735,*,*,*,*,*,*,*
Apr-27-2015,715,795,825,800,825,695,*,675,*,*,1010,1010,1010,1010,1010,769,799,769,769,799,*,769,735,*,*,*,*,*,*,*
Apr-28-2015,715,795,825,800,825,695,*,675,*,*,1010,1010,1010,1010,1010,769,799,769,769,799,*,769,735,*,*,*,*,*,*,*
Apr-29-2015,715,795,825,800,825,695,*,675,*,*,1010,1010,1010,1010,1010,769,799,769,769,799,*,769,735,*,*,*,*,*,*,*
Apr-30-2015,715,795,825,800,825,695,*,675,*,*,1010,1010,1010,1010,1010,769,799,769,769,799,*,769,735,*,*,*,*,*,*,*
May-01-2015,715,600,825,800,825,695,*,675,*,765,1010,1010,1010,1010,1010,769,799,769,769,799,*,769,735,*,*,*,*,*,*,*
May-02-2015,715,600,825,800,825,695,*,675,*,765,1074,1074,1074,1074,1074,769,799,769,769,799,*,769,735,*,*,*,*,*,*,*
May-03-2015,715,600,825,800,825,695,*,675,*,765,1074,1074,1074,1074,1074,769,799,769,769,799,*,769,735,*,*,*,*,*,*,*
May-04-2015,715,600,825,800,825,695,*,675,*,765,1074,1074,1074,1074,1074,769,799,769,769,799,*,769,735,*,*,*,*,*,*,*
May-05-2015,715,600,825,800,825,695,*,675,*,765,1074,1074,1074,1074,1074,769,799,769,769,799,*,769,735,*,*,*,*,*,*,*
May-06-2015,715,600,825,800,825,695,*,675,*,765,1074,1074,1074,1074,1074,769,799,769,769,799,*,769,735,*,*,*,*,*,*,*
May-07-2015,715,600,825,800,825,695,*,675,*,765,1074,1074,1074,1074,1074,769,799,769,769,799,*,769,735,*,*,*,*,*,*,*
May-08-2015,715,600,825,800,825,695,*,675,*,765,1074,1074,1074,1074,1074,769,799,769,769,799,*,769,735,*,*,*,*,*,*,*
May-09-2015,715,600,825,800,825,695,*,675,*,765,1074,1074,1074,1074,1074,769,799,769,769,799,*,769,735,*,*,*,*,*,*,*
May-10-2015,715,600,825,800,825,695,*,675,*,765,1074,1074,1074,1074,1074,769,799,769,769,799,*,769,735,*,*,*,*,*,*,*
May-11-2015,715,600,825,800,825,695,*,675,*,765,1074,1074,1074,1074,1074,769,799,769,769,799,*,769,735,*,*,*,*,*,*,*
May-12-2015,715,600,825,800,825,695,*,675,*,765,1074,1074,1074,1074,1074,769,799,769,769,799,*,769,735,*,*,*,*,*,*,*
May-13-2015,715,600,825,800,825,695,*,675,*,765,1074,1074,1074,1074,1074,769,799,769,769,799,*,769,735,*,*,*,*,*,*,*
May-14-2015,715,600,825,800,825,695,*,675,*,765,1074,1074,1074,1074,1074,769,799,769,769,799,*,769,735,*,*,*,*,*,*,*
May-15-2015,715,600,825,800,825,695,*,675,*,765,1074,1074,1074,1074,1074,769,799,769,769,799,*,769,735,*,*,*,*,*,*,*
May-16-2015,715,1090,825,1050,825,695,*,675,*,765,1074,1074,1074,1074,1074,769,799,769,769,799,*,769,735,*,*,*,*,*,*,*
May-17-2015,715,1090,825,1050,825,695,*,675,*,765,1074,1074,1074,1074,1074,769,799,769,769,799,*,769,735,*,*,*,*,*,*,*
May-18-2015,715,1090,825,1050,825,695,*,675,*,765,1074,1074,1074,1074,1074,769,799,769,769,799,*,769,735,*,*,*,*,*,*,*
May-19-2015,715,1090,825,1050,825,695,*,675,*,765,1074,1074,1074,1074,1074,769,799,769,769,799,*,769,735,*,*,*,*,*,*,*
May-20-2015,715,1090,825,1050,825,695,*,675,*,765,1074,1074,1074,1074,1074,769,799,769,769,799,*,769,735,*,*,*,*,*,*,*
May-21-2015,715,1090,825,1050,825,695,*,675,*,765,1074,1074,1074,1074,1074,769,799,769,769,799,*,769,735,*,*,*,*,*,*,*
May-22-2015,715,1090,825,1050,825,695,*,675,*,765,1481,1481,1481,1481,1481,959,999,769,959,999,*,959,930,*,*,*,*,*,*,*
May-23-2015,1050,1090,925,1050,925,915,*,900,*,1075,1481,1481,1481,1481,1481,959,999,999,959,999,*,959,930,*,*,*,*,*,*,*
May-24-2015,1050,1090,925,1050,925,915,*,900,*,1075,1481,1481,1481,1481,1481,959,999,999,959,999,*,959,930,*,*,*,*,*,*,*
May-25-2015,1050,1090,925,1050,925,915,*,900,*,1075,1324,1324,1324,1324,1324,959,999,999,959,999,*,959,930,*,*,*,*,*,*,*
May-26-2015,1050,1090,925,1050,925,915,*,900,*,1075,1324,1324,1324,1324,1324,959,999,999,959,999,*,959,930,*,*,*,*,*,*,*
May-27-2015,1050,1090,925,1050,925,915,*,900,*,1075,1324,1324,1324,1324,1324,959,999,999,959,999,*,959,930,*,*,*,*,*,*,*
May-28-2015,1050,1090,925,1050,925,915,*,900,*,1075,1324,1324,1324,1324,1324,959,999,999,959,999,*,959,930,*,*,*,*,*,*,*
May-29-2015,1050,1090,925,1050,925,915,*,900,*,1075,1324,1324,1324,1324,1324,959,999,999,959,999,*,959,930,*,*,*,*,*,*,*
May-30-2015,1050,1090,925,1050,925,915,*,900,*,1075,1324,1324,1324,1324,1324,959,999,999,959,999,*,959,930,*,*,*,*,*,*,*
May-31-2015,1050,1090,925,1050,925,915,*,900,*,1075,1324,1324,1324,1324,1324,959,999,999,959,999,*,959,930,*,*,*,*,*,*,*
Jun-01-2015,1050,1090,925,1050,925,915,*,900,*,1075,1324,1324,1324,1324,1324,959,999,999,959,999,*,959,930,*,*,*,*,*,*,*
Jun-02-2015,1050,1090,925,1050,925,915,*,900,*,1075,1324,1324,1324,1324,1324,959,999,999,959,999,*,959,930,*,*,*,*,*,*,*
Jun-03-2015,1050,1090,925,1050,925,915,*,900,*,1075,1324,1324,1324,1324,1324,959,999,999,959,999,*,959,930,*,*,*,*,*,*,*
Jun-04-2015,1050,1090,925,1050,925,915,*,900,*,1075,1324,1324,1324,1324,1324,959,999,999,959,999,*,959,930,*,*,*,*,*,*,*
Jun-05-2015,1050,1090,925,1050,925,915,*,900,*,1075,1324,1324,1324,1324,1324,959,999,999,959,999,*,959,930,*,*,*,*,*,*,*
Jun-06-2015,1050,1090,1050,1050,1050,915,*,900,*,1075,1481,1481,1481,1481,1481,959,999,999,959,999,*,959,930,*,*,*,*,*,*,*
Jun-07-2015,1050,1090,1050,1050,1050,915,*,900,*,1075,1481,1481,1481,1481,1481,959,999,999,959,999,*,959,930,*,*,*,*,*,*,*
Jun-08-2015,1050,1090,1050,1050,1050,915,*,900,*,1075,1481,1481,1481,1481,1481,959,999,999,959,999,*,959,930,*,*,*,*,*,*,*
Jun-09-2015,1050,1090,1050,1050,1050,915,*,900,*,1075,1481,1481,1481,1481,1481,959,999,999,959,999,*,959,930,*,*,*,*,*,*,*
Jun-10-2015,1050,1090,1050,1050,1050,915,*,900,*,1075,1481,1481,1481,1481,1481,959,999,999,959,999,*,959,930,*,*,*,*,*,*,*
Jun-11-2015,1050,1090,1050,1050,1050,915,*,900,*,1075,1481,1481,1481,1481,1481,959,999,999,959,999,*,959,930,*,*,*,*,*,*,*
Jun-12-2015,1050,1090,1050,1050,1050,915,*,900,*,1075,1481,1481,1481,1481,1481,959,999,999,959,999,*,959,930,*,*,*,*,*,*,*
Jun-13-2015,1050,1090,1050,1050,1050,1085,*,950,*,1075,1481,1481,1481,1481,1481,959,999,999,959,999,*,959,930,*,*,*,*,*,*,*
Jun-14-2015,1050,1090,1050,1050,1050,1085,*,950,*,1075,1481,1481,1481,1481,1481,959,999,999,959,999,*,959,930,*,*,*,*,*,*,*
Jun-15-2015,1050,1090,1050,1050,1050,1085,*,950,*,1075,1481,1481,1481,1481,1481,959,999,999,959,999,*,959,930,*,*,*,*,*,*,*
Jun-16-2015,1050,1090,1050,1050,1050,1085,*,950,*,1075,1481,1481,1481,1481,1481,959,999,999,959,999,*,959,930,*,*,*,*,*,*,*
Jun-17-2015,1050,1090,1050,1050,1050,1085,*,950,*,1075,1481,1481,1481,1481,1481,959,999,999,959,999,*,959,930,*,*,*,*,*,*,*
Jun-18-2015,1050,1090,1050,1050,1050,1085,*,950,*,1075,1481,1481,1481,1481,1481,959,999,999,959,999,*,959,930,*,*,*,*,*,*,*
Jun-19-2015,1050,1090,1050,1050,1050,1085,*,950,*,1075,1481,1481,1481,1481,1481,959,999,999,959,999,*,959,930,*,*,*,*,*,*,*
Jun-20-2015,1050,1090,1050,1050,1050,1085,*,950,*,1075,1481,1481,1481,1481,1481,959,999,999,959,999,*,959,930,*,*,*,*,*,*,*
Jun-21-2015,1050,1090,1050,1050,1050,1085,*,950,*,1075,1481,1481,1481,1481,1481,959,999,999,959,999,*,959,930,*,*,*,*,*,*,*
Jun-22-2015,1050,1090,1050,1050,1050,1085,*,950,*,1075,1481,1481,1481,1481,1481,959,999,999,959,999,*,959,930,*,*,*,*,*,*,*
Jun-23-2015,1050,1090,1050,1050,1050,1085,*,950,*,1075,1481,1481,1481,1481,1481,959,999,999,959,999,*,959,930,*,*,*,*,*,*,*
Jun-24-2015,1050,1090,1050,1050,1050,1085,*,950,*,1075,1481,1481,1481,1481,1481,959,999,999,959,999,*,959,930,*,*,*,*,*,*,*
Jun-25-2015,1050,1090,1050,1050,1050,1085,*,950,*,1075,1481,1481,1481,1481,1481,959,999,999,959,999,*,959,930,*,*,*,*,*,*,*
Jun-26-2015,1050,1090,1050,1050,1050,1085,*,950,*,1075,1481,1481,1481,1481,1481,959,999,999,959,999,*,959,930,*,*,*,*,*,*,*
Jun-27-2015,1050,1090,1050,1050,1050,1085,*,950,*,1075,1481,1481,1481,1481,1481,959,999,999,959,999,*,959,930,*,*,*,*,*,*,*
Jun-28-2015,1050,1090,1050,1050,1050,1085,*,950,*,1075,1690,1690,1690,1690,1690,959,999,999,959,999,*,959,930,*,*,*,*,*,*,*
Jun-29-2015,1050,1090,1050,1050,1050,1085,*,950,*,1075,1690,1690,1690,1690,1690,959,999,999,959,999,*,959,930,*,*,*,*,*,*,*
Jun-30-2015,1050,1090,1050,1050,1050,1085,*,950,*,1075,1690,1690,1690,1690,1690,959,999,999,959,999,*,959,930,*,*,*,*,*,*,*
Jul-01-2015,1050,1090,1050,1050,1050,1085,*,950,*,1075,1690,1690,1690,1690,1690,959,999,999,959,999,*,959,930,*,*,*,*,*,*,*
Jul-02-2015,1050,1090,1050,1050,1050,1085,*,950,*,1075,1690,1690,1690,1690,1690,959,999,999,959,999,*,959,930,*,*,*,*,*,*,*
Jul-03-2015,1050,1090,1050,1050,1050,1085,*,950,*,1075,1690,1690,1690,1690,1690,959,999,999,959,999,*,959,930,*,*,*,*,*,*,*
Jul-04-2015,1050,1090,1125,1050,1125,1085,*,950,*,1075,1690,1690,1690,1690,1690,1299,1299,1199,1299,1299,*,1299,1000,*,*,*,*,*,*,*
Jul-05-2015,1050,1090,1125,1050,1125,1085,*,950,*,1075,1481,1481,1481,1481,1481,1299,1299,1199,1299,1299,*,1299,1000,*,*,*,*,*,*,*
Jul-06-2015,1050,1090,1125,1050,1125,1085,*,950,*,1075,1481,1481,1481,1481,1481,1299,1299,1199,1299,1299,*,1299,1000,*,*,*,*,*,*,*
Jul-07-2015,1050,1090,1125,1050,1125,1085,*,950,*,1075,1481,1481,1481,1481,1481,1299,1299,1199,1299,1299,*,1299,1000,*,*,*,*,*,*,*
Jul-08-2015,1050,1090,1125,1050,1125,1085,*,950,*,1075,1481,1481,1481,1481,1481,1299,1299,1199,1299,1299,*,1299,1000,*,*,*,*,*,*,*
Jul-09-2015,1050,1090,1125,1050,1125,1085,*,950,*,1075,1481,1481,1481,1481,1481,1299,1299,1199,1299,1299,*,1299,1000,*,*,*,*,*,*,*
Jul-10-2015,1050,1090,1125,1050,1125,1085,*,950,*,1075,1481,1481,1481,1481,1481,1299,1299,1199,1299,1299,*,1299,1000,*,*,*,*,*,*,*
Jul-11-2015,1050,1090,1125,1050,1125,1085,*,950,*,1075,1481,1481,1481,1481,1481,1299,1299,1199,1299,1299,*,1299,1000,*,*,*,*,*,*,*
Jul-12-2015,1050,1090,1125,1050,1125,1085,*,950,*,1075,1481,1481,1481,1481,1481,959,999,999,959,999,*,959,930,*,*,*,*,*,*,*
Jul-13-2015,1050,1090,1125,1050,1125,1085,*,950,*,1075,1481,1481,1481,1481,1481,959,999,999,959,999,*,959,930,*,*,*,*,*,*,*
Jul-14-2015,1050,1090,1125,1050,1125,1085,*,950,*,1075,1481,1481,1481,1481,1481,959,999,999,959,999,*,959,930,*,*,*,*,*,*,*
Jul-15-2015,1050,1090,1125,1050,1125,1085,*,950,*,1075,1481,1481,1481,1481,1481,959,999,999,959,999,*,959,930,*,*,*,*,*,*,*
Jul-16-2015,1050,1090,1125,1050,1125,1085,*,950,*,1075,1481,1481,1481,1481,1481,959,999,999,959,999,*,959,930,*,*,*,*,*,*,*
Jul-17-2015,1050,1090,1125,1050,1125,1085,*,950,*,1075,1481,1481,1481,1481,1481,959,999,999,959,999,*,959,930,*,*,*,*,*,*,*
Jul-18-2015,1050,1090,1125,1050,1125,1085,*,950,*,1075,1481,1481,1481,1481,1481,959,999,999,959,999,*,959,930,*,*,*,*,*,*,*
Jul-19-2015,1050,1090,1125,1050,1125,1085,*,950,*,1075,1481,1481,1481,1481,1481,959,999,999,959,999,*,959,930,*,*,*,*,*,*,*
Jul-20-2015,1050,1090,1125,1050,1125,1085,*,950,*,1075,1481,1481,1481,1481,1481,959,999,999,959,999,*,959,930,*,*,*,*,*,*,*
Jul-21-2015,1050,1090,1125,1050,1125,1085,*,950,*,1075,1481,1481,1481,1481,1481,959,999,999,959,999,*,959,930,*,*,*,*,*,*,*
Jul-22-2015,1050,1090,1125,1050,1125,1085,*,950,*,1075,1481,1481,1481,1481,1481,959,999,999,959,999,*,959,930,*,*,*,*,*,*,*
Jul-23-2015,1050,1090,1125,1050,1125,1085,*,950,*,1075,1481,1481,1481,1481,1481,959,999,999,959,999,*,959,930,*,*,*,*,*,*,*
Jul-24-2015,1050,1090,1125,1050,1125,1085,*,950,*,1075,1481,1481,1481,1481,1481,959,999,999,959,999,*,959,930,*,*,*,*,*,*,*
Jul-25-2015,1050,1090,1050,1050,1050,1085,*,950,*,1075,1481,1481,1481,1481,1481,959,999,999,959,999,*,959,930,*,*,*,*,*,*,*
Jul-26-2015,1050,1090,1050,1050,1050,1085,*,950,*,1075,1481,1481,1481,1481,1481,959,999,999,959,999,*,959,930,*,*,*,*,*,*,*
Jul-27-2015,1050,1090,1050,1050,1050,1085,*,950,*,1075,1481,1481,1481,1481,1481,959,999,999,959,999,*,959,930,*,*,*,*,*,*,*
Jul-28-2015,1050,1090,1050,1050,1050,1085,*,950,*,1075,1481,1481,1481,1481,1481,959,999,999,959,999,*,959,930,*,*,*,*,*,*,*
Jul-29-2015,1050,1090,1050,1050,1050,1085,*,950,*,1075,1481,1481,1481,1481,1481,959,999,999,959,999,*,959,930,*,*,*,*,*,*,*
Jul-30-2015,1050,1090,1050,1050,1050,1085,*,950,*,1075,1481,1481,1481,1481,1481,959,999,999,959,999,*,959,930,*,*,*,*,*,*,*
Jul-31-2015,1050,1090,1050,1050,1050,1085,*,950,*,1075,1481,1481,1481,1481,1481,959,999,999,959,999,*,959,930,*,*,*,*,*,*,*
Aug-01-2015,1050,1090,925,1050,925,1085,*,950,*,1075,1481,1481,1481,1481,1481,959,999,639,959,999,*,959,930,*,*,*,*,*,*,*
Aug-02-2015,1050,1090,925,1050,925,1085,*,950,*,1075,1481,1481,1481,1481,1481,669,699,639,669,699,*,669,930,*,*,*,*,*,*,*
Aug-03-2015,1050,1090,925,1050,925,1085,*,950,*,1075,1062,1062,1062,1062,1062,669,699,639,669,699,*,669,930,*,*,*,*,*,*,*
Aug-04-2015,1050,1090,925,1050,925,1085,*,950,*,1075,1062,1062,1062,1062,1062,669,699,639,669,699,*,669,930,*,*,*,*,*,*,*
Aug-05-2015,1050,1090,925,1050,925,1085,*,950,*,1075,1062,1062,1062,1062,1062,669,699,639,669,699,*,669,930,*,*,*,*,*,*,*
Aug-06-2015,1050,1090,925,1050,925,1085,*,950,*,1075,1062,1062,1062,1062,1062,669,699,639,669,699,*,669,930,*,*,*,*,*,*,*
Aug-07-2015,1050,1090,925,1050,925,1085,*,950,*,1075,1062,1062,1062,1062,1062,669,699,639,669,699,*,669,930,*,*,*,*,*,*,*
Aug-08-2015,1050,1090,825,1050,825,800,*,775,*,1075,1062,1062,1062,1062,1062,669,699,639,669,699,*,669,930,*,*,*,*,*,*,*
Aug-09-2015,1050,1090,825,1050,825,800,*,775,*,1075,1062,1062,1062,1062,1062,669,699,639,669,699,*,669,930,*,*,*,*,*,*,*
Aug-10-2015,1050,1090,825,1050,825,800,*,775,*,1075,1062,1062,1062,1062,1062,669,699,639,669,699,*,669,930,*,*,*,*,*,*,*
Aug-11-2015,1050,1090,825,1050,825,800,*,775,*,1075,1062,1062,1062,1062,1062,669,699,639,669,699,*,669,*,*,*,*,*,*,*,*
Aug-12-2015,1050,1090,825,1050,825,800,*,775,*,1075,1062,1062,1062,1062,1062,669,699,639,669,699,*,669,*,*,*,*,*,*,*,*
Aug-13-2015,1050,1090,825,1050,825,800,*,775,*,1075,1062,1062,1062,1062,1062,669,699,639,669,699,*,669,*,*,*,*,*,*,*,*
Aug-14-2015,1050,1090,825,1050,825,800,*,775,*,1075,1062,1062,1062,1062,1062,669,699,639,669,699,*,669,*,*,*,*,*,*,*,*
Aug-15-2015,815,1090,825,1050,825,800,*,775,*,1075,1062,1062,1062,1062,1062,669,699,639,669,699,*,669,*,*,*,*,*,*,*,*
Aug-16-2015,815,785,825,850,825,800,*,775,*,1075,1062,1062,1062,1062,1062,669,699,639,669,699,*,669,*,*,*,*,*,*,*,*
Aug-17-2015,815,785,825,850,825,800,*,775,*,1075,1062,1062,1062,1062,1062,669,699,639,669,699,*,669,*,*,*,*,*,*,*,*
Aug-18-2015,815,785,825,850,825,800,*,775,*,1075,1062,1062,1062,1062,1062,669,699,639,669,699,*,669,*,*,*,*,*,*,*,*
Aug-19-2015,815,785,825,850,825,800,*,775,*,1075,1062,1062,1062,1062,1062,669,699,639,669,699,*,669,*,*,*,*,*,*,*,*
Aug-20-2015,815,785,825,850,825,800,*,775,*,1075,1062,1062,1062,1062,1062,669,699,639,669,699,*,669,*,*,*,*,*,*,*,*
Aug-21-2015,815,785,825,850,825,800,*,775,*,1075,1062,1062,1062,1062,1062,669,699,639,669,699,*,669,*,*,*,*,*,*,*,*
Aug-22-2015,815,785,825,850,825,800,*,775,*,1075,1062,1062,1062,1062,1062,669,699,639,669,699,*,669,*,*,*,*,*,*,*,*
Aug-23-2015,815,785,825,850,825,800,*,775,*,1075,1062,1062,1062,1062,1062,669,699,639,669,699,*,669,*,*,*,*,*,*,*,*
Aug-24-2015,815,785,825,850,825,800,*,775,*,1075,1062,1062,1062,1062,1062,669,699,639,669,699,*,669,*,*,*,*,*,*,*,*
Aug-25-2015,815,785,825,850,825,800,*,775,*,1075,1062,1062,1062,1062,1062,669,699,639,669,699,*,669,*,*,*,*,*,*,*,*
Aug-26-2015,815,785,825,850,825,800,*,775,*,1075,1062,1062,1062,1062,1062,669,699,639,669,699,*,669,*,*,*,*,*,*,*,*
Aug-27-2015,815,785,825,850,825,800,*,775,*,1075,1062,1062,1062,1062,1062,669,699,639,669,699,*,669,*,*,*,*,*,*,*,*
Aug-28-2015,815,785,825,850,825,800,*,775,*,1075,1062,1062,1062,1062,1062,669,699,639,669,699,*,669,*,*,*,*,*,*,*,*
Aug-29-2015,815,785,825,850,825,800,*,775,*,1075,1062,1062,1062,1062,1062,669,699,639,669,699,*,669,*,*,*,*,*,*,*,*
Aug-30-2015,815,785,825,850,825,800,*,775,*,1075,1062,1062,1062,1062,1062,669,699,639,669,699,*,669,*,*,*,*,*,*,*,*
Aug-31-2015,815,785,825,850,825,800,*,775,*,1075,1062,1062,1062,1062,1062,669,699,639,669,699,*,669,*,*,*,*,*,*,*,*
Sep-01-2015,815,785,825,850,825,800,*,775,*,1075,1062,1062,1062,1062,1062,669,699,639,669,699,*,669,*,*,*,*,*,*,*,*
Sep-02-2015,815,785,825,850,825,800,*,775,*,1075,1062,1062,1062,1062,1062,669,699,639,669,699,*,669,*,*,*,*,*,*,*,*
Sep-03-2015,815,785,825,850,825,800,*,775,*,1075,1062,1062,1062,1062,1062,669,699,639,669,699,*,669,*,*,*,*,*,*,*,*
Sep-04-2015,815,785,825,850,825,800,*,775,*,1075,1062,1062,1062,1062,1062,669,699,639,669,699,*,669,*,*,*,*,*,*,*,*
Sep-05-2015,815,785,825,850,825,575,*,625,*,1075,1062,1062,1062,1062,1062,669,699,639,669,699,*,669,*,*,*,*,*,*,*,*
Sep-06-2015,815,785,825,850,825,575,*,625,*,1075,1062,1062,1062,1062,1062,669,699,639,669,699,*,669,*,*,*,*,*,*,*,*
Sep-07-2015,815,785,700,850,700,575,*,625,*,1075,1062,1062,1062,1062,1062,579,599,639,579,599,*,579,*,*,*,*,*,*,*,*
Sep-08-2015,815,650,700,850,700,575,*,625,*,1075,958,958,958,958,958,579,599,579,579,599,*,579,*,*,*,*,*,*,*,*
Sep-09-2015,815,650,700,850,700,575,*,625,*,1075,958,958,958,958,958,579,599,579,579,599,*,579,*,*,*,*,*,*,*,*
Sep-10-2015,815,650,700,850,700,575,*,625,*,1075,958,958,958,958,958,579,599,579,579,599,*,579,*,*,*,*,*,*,*,*
Sep-11-2015,815,650,700,850,700,575,*,625,*,1075,958,958,958,958,958,579,599,579,579,599,*,579,*,*,*,*,*,*,*,*
Sep-12-2015,690,650,700,850,700,575,*,625,*,1075,958,958,958,958,958,579,599,579,579,599,*,579,*,*,*,*,*,*,*,*
Sep-13-2015,690,650,700,850,700,575,*,625,*,665,958,958,958,958,958,579,599,579,579,599,*,579,*,*,*,*,*,*,*,*
Sep-14-2015,690,650,700,850,700,575,*,625,*,665,958,958,958,958,958,579,599,579,579,599,*,579,*,*,*,*,*,*,*,*
Sep-15-2015,690,650,700,850,700,575,*,625,*,665,958,958,958,958,958,579,599,579,579,599,*,579,*,*,*,*,*,*,*,*
Sep-16-2015,690,650,700,850,700,575,*,625,*,665,958,958,958,958,958,579,599,579,579,599,*,579,*,*,*,*,*,*,*,*
Sep-17-2015,690,650,700,850,700,575,*,625,*,665,958,958,958,958,958,579,599,579,579,599,*,579,*,*,*,*,*,*,*,*
Sep-18-2015,690,650,700,850,700,575,*,625,*,665,958,958,958,958,958,579,599,579,579,599,*,579,*,*,*,*,*,*,*,*
Sep-19-2015,690,650,700,850,700,575,*,625,*,665,958,958,958,958,958,579,599,579,579,599,*,579,*,*,*,*,*,*,*,*
Sep-20-2015,690,650,700,850,700,575,*,625,*,665,958,958,958,958,958,579,599,579,579,599,*,579,*,*,*,*,*,*,*,*
Sep-21-2015,690,650,700,850,700,575,*,625,*,665,958,958,958,958,958,579,599,579,579,599,*,579,*,*,*,*,*,*,*,*
Sep-22-2015,690,650,700,850,700,575,*,625,*,665,958,958,958,958,958,579,599,579,579,599,*,579,*,*,*,*,*,*,*,*
Sep-23-2015,690,650,700,850,700,575,*,625,*,665,958,958,958,958,958,579,599,579,579,599,*,579,*,*,*,*,*,*,*,*
Sep-24-2015,690,650,700,850,700,575,*,625,*,665,958,958,958,958,958,579,599,579,579,599,*,579,*,*,*,*,*,*,*,*
Sep-25-2015,690,650,700,850,700,575,*,625,*,665,958,958,958,958,958,579,599,579,579,599,*,579,*,*,*,*,*,*,*,*
Sep-26-2015,690,650,700,850,700,575,*,625,*,665,958,958,958,958,958,579,599,579,579,599,*,579,*,*,*,*,*,*,*,*
Sep-27-2015,690,650,700,850,700,575,*,625,*,665,958,958,958,958,958,579,599,579,579,599,*,579,*,*,*,*,*,*,*,*
Sep-28-2015,690,650,700,850,700,575,*,625,*,665,958,958,958,958,958,579,599,579,579,599,*,579,*,*,*,*,*,*,*,*
Sep-29-2015,690,650,700,850,700,575,*,625,*,665,958,958,958,958,958,579,599,579,579,599,*,579,*,*,*,*,*,*,*,*
Sep-30-2015,690,650,700,850,700,575,*,625,*,665,958,958,958,958,958,579,599,579,579,599,*,579,*,*,*,*,*,*,*,*
Oct-01-2015,690,650,700,*,700,575,*,625,*,665,958,958,958,958,958,579,599,579,579,599,*,579,*,*,*,*,*,*,*,*
Oct-02-2015,690,650,700,*,700,575,*,625,*,665,958,958,958,958,958,579,599,579,579,599,*,579,*,*,*,*,*,*,*,*
Oct-03-2015,690,650,700,*,700,575,*,675,*,665,958,958,958,958,958,579,599,579,579,599,*,579,*,*,*,*,*,*,*,*
Oct-04-2015,690,650,700,*,700,575,*,675,*,665,958,958,958,958,958,579,599,579,579,599,*,579,*,*,*,*,*,*,*,*
Oct-05-2015,690,650,700,*,700,575,*,675,*,665,958,958,958,958,958,579,599,579,579,599,*,579,*,*,*,*,*,*,*,*
Oct-06-2015,690,650,700,*,700,575,*,675,*,665,958,958,958,958,958,579,599,579,579,599,*,579,*,*,*,*,*,*,*,*
Oct-07-2015,690,650,700,*,700,575,*,675,*,665,958,958,958,958,958,579,599,579,579,599,*,579,*,*,*,*,*,*,*,*
Oct-08-2015,690,650,700,*,700,575,*,675,*,665,958,958,958,958,958,579,599,579,579,599,*,579,*,*,*,*,*,*,*,*
Oct-09-2015,690,650,700,*,700,575,*,675,*,665,958,958,958,958,958,579,599,579,579,599,*,579,*,*,*,*,*,*,*,*
Oct-10-2015,690,650,700,*,700,575,*,675,*,665,958,958,958,958,958,579,599,579,579,599,*,579,*,*,*,*,*,*,*,*
Oct-11-2015,690,650,700,*,700,575,*,675,*,665,958,958,958,958,958,579,599,579,579,599,*,579,*,*,*,*,*,*,*,*
Oct-12-2015,690,650,700,*,700,575,*,675,*,665,958,958,958,958,958,579,599,579,579,599,*,579,*,*,*,*,*,*,*,*
Oct-13-2015,690,650,700,*,700,575,*,675,*,665,958,958,958,958,958,579,599,579,579,599,*,579,*,*,*,*,*,*,*,*
Oct-14-2015,690,650,700,*,700,575,*,675,*,665,958,958,958,958,958,579,599,579,579,599,*,579,*,*,*,*,*,*,*,*
Oct-15-2015,690,650,700,*,700,575,*,675,*,665,958,958,958,958,958,579,599,579,579,599,*,579,*,*,*,*,*,*,*,*
Oct-16-2015,690,650,700,*,700,575,*,675,*,665,958,958,958,958,958,579,599,579,579,599,*,579,*,*,*,*,*,*,*,*
Oct-17-2015,690,650,700,*,700,575,*,575,*,665,958,958,958,958,958,579,599,579,579,599,*,579,*,*,*,*,*,*,*,*
Oct-18-2015,690,650,700,*,700,575,*,575,*,665,958,958,958,958,958,579,599,579,579,599,*,579,*,*,*,*,*,*,*,*
Oct-19-2015,690,650,700,*,700,575,*,575,*,665,958,958,958,958,958,579,599,579,579,599,*,579,*,*,*,*,*,*,*,*
Oct-20-2015,690,650,700,*,700,575,*,575,*,665,958,958,958,958,958,579,599,579,579,599,*,579,*,*,*,*,*,*,*,*
Oct-21-2015,690,650,700,*,700,575,*,575,*,665,958,958,958,958,958,579,599,579,579,599,*,579,*,*,*,*,*,*,*,*
Oct-22-2015,690,650,700,*,700,575,*,575,*,665,958,958,958,958,958,579,599,579,579,599,*,579,*,*,*,*,*,*,*,*
Oct-23-2015,690,650,700,*,700,575,*,575,*,665,958,958,958,958,958,579,599,579,579,599,*,579,*,*,*,*,*,*,*,*
Oct-24-2015,690,650,700,*,700,575,*,575,*,665,958,958,958,958,958,579,599,579,579,599,*,579,*,*,*,*,*,*,*,*
Oct-25-2015,690,650,700,*,700,575,*,575,*,665,958,958,958,958,958,579,599,579,579,599,*,579,*,*,*,*,*,*,*,*
Oct-26-2015,690,650,700,*,700,575,*,575,*,665,958,958,958,958,958,579,599,579,579,599,*,579,*,*,*,*,*,*,*,*
Oct-27-2015,690,650,700,*,700,575,*,575,*,665,958,958,958,958,958,579,599,579,579,599,*,579,*,*,*,*,*,*,*,*
Oct-28-2015,690,650,700,*,700,575,*,575,*,665,958,958,958,958,958,579,599,579,579,599,*,579,*,*,*,*,*,*,*,*
Oct-29-2015,690,650,700,*,700,575,*,575,*,665,958,958,958,958,958,579,599,579,579,599,*,579,*,*,*,*,*,*,*,*
Oct-30-2015,690,650,700,*,700,575,*,575,*,665,958,958,958,958,958,579,599,579,579,599,*,579,*,*,*,*,*,*,*,*
Oct-31-2015,690,650,700,*,700,575,*,575,*,665,958,958,958,958,958,579,599,579,579,599,*,579,*,*,*,*,*,*,*,*
Nov-01-2015,500,525,525,*,525,*,*,575,*,665,736,736,736,736,736,*,*,*,*,*,*,*,*,*,*,*,*,*,*,*
Nov-02-2015,500,525,525,*,525,*,*,575,*,665,736,736,736,736,736,*,*,*,*,*,*,*,*,*,*,*,*,*,*,*
Nov-03-2015,500,525,525,*,525,*,*,575,*,665,736,736,736,736,736,*,*,*,*,*,*,*,*,*,*,*,*,*,*,*
Nov-04-2015,500,525,525,*,525,*,*,575,*,665,736,736,736,736,736,*,*,*,*,*,*,*,*,*,*,*,*,*,*,*
Nov-05-2015,500,525,525,*,525,*,*,575,*,665,736,736,736,736,736,*,*,*,*,*,*,*,*,*,*,*,*,*,*,*
Nov-06-2015,500,525,525,*,525,*,*,575,*,665,736,736,736,736,736,*,*,*,*,*,*,*,*,*,*,*,*,*,*,*
Nov-07-2015,500,525,525,*,525,*,*,575,*,665,736,736,736,736,736,*,*,*,*,*,*,*,*,*,*,*,*,*,*,*
Nov-08-2015,500,525,525,*,525,*,*,575,*,665,736,736,736,736,736,*,*,*,*,*,*,*,*,*,*,*,*,*,*,*
Nov-09-2015,500,525,525,*,525,*,*,575,*,665,736,736,736,736,736,*,*,*,*,*,*,*,*,*,*,*,*,*,*,*
Nov-10-2015,500,525,525,*,525,*,*,575,*,665,736,736,736,736,736,*,*,*,*,*,*,*,*,*,*,*,*,*,*,*
Nov-11-2015,500,525,525,*,525,*,*,575,*,665,736,736,736,736,736,*,*,*,*,*,*,*,*,*,*,*,*,*,*,*
Nov-12-2015,500,525,525,*,525,*,*,575,*,665,736,736,736,736,736,*,*,*,*,*,*,*,*,*,*,*,*,*,*,*
Nov-13-2015,500,525,525,*,525,*,*,575,*,665,736,736,736,736,736,*,*,*,*,*,*,*,*,*,*,*,*,*,*,*
Nov-14-2015,500,525,525,*,525,*,*,575,*,665,736,736,736,736,736,*,*,*,*,*,*,*,*,*,*,*,*,*,*,*
Nov-15-2015,500,525,525,*,525,*,*,575,*,665,736,736,736,736,736,*,*,*,*,*,*,*,*,*,*,*,*,*,*,*
Nov-16-2015,500,525,525,*,525,*,*,575,*,665,736,736,736,736,736,*,*,*,*,*,*,*,*,*,*,*,*,*,*,*
Nov-17-2015,500,525,525,*,525,*,*,575,*,665,736,736,736,736,736,*,*,*,*,*,*,*,*,*,*,*,*,*,*,*
Nov-18-2015,500,525,525,*,525,*,*,575,*,665,736,736,736,736,736,*,*,*,*,*,*,*,*,*,*,*,*,*,*,*
Nov-19-2015,500,525,525,*,525,*,*,575,*,665,736,736,736,736,736,*,*,*,*,*,*,*,*,*,*,*,*,*,*,*
Nov-20-2015,500,525,525,*,525,*,*,575,*,665,736,736,736,736,736,*,*,*,*,*,*,*,*,*,*,*,*,*,*,*
Nov-21-2015,500,525,525,*,525,*,*,575,*,665,736,736,736,736,736,*,*,*,*,*,*,*,*,*,*,*,*,*,*,*
Nov-22-2015,500,525,525,*,525,*,*,575,*,*,736,736,736,736,736,*,*,*,*,*,*,*,*,*,*,*,*,*,*,*
Nov-23-2015,500,525,525,*,525,*,*,575,*,*,736,736,736,736,736,*,*,*,*,*,*,*,*,*,*,*,*,*,*,*
Nov-24-2015,500,525,525,*,525,*,*,575,*,*,736,736,736,736,736,*,*,*,*,*,*,*,*,*,*,*,*,*,*,*
Nov-25-2015,500,525,525,*,525,*,*,575,*,*,736,736,736,736,736,*,*,*,*,*,*,*,*,*,*,*,*,*,*,*
Nov-26-2015,500,525,525,*,525,*,*,575,*,*,736,736,736,736,736,*,*,*,*,*,*,*,*,*,*,*,*,*,*,*
Nov-27-2015,500,525,525,*,525,*,*,575,*,*,736,736,736,736,736,*,*,*,*,*,*,*,*,*,*,*,*,*,*,*
Nov-28-2015,500,525,525,*,525,*,*,500,*,*,736,736,736,736,736,*,*,*,*,*,*,*,*,*,*,*,*,*,*,*
Nov-29-2015,500,525,525,*,525,*,*,500,*,*,736,736,736,736,736,*,*,*,*,*,*,*,*,*,*,*,*,*,*,*
Nov-30-2015,500,525,525,*,525,*,*,500,*,*,736,736,736,736,736,*,*,*,*,*,*,*,*,*,*,*,*,*,*,*
Dec-01-2015,500,525,525,*,525,*,*,500,*,*,736,736,736,736,736,*,*,*,*,*,*,*,*,*,*,*,*,*,*,*
Dec-02-2015,500,525,525,*,525,*,*,500,*,*,736,736,736,736,736,*,*,*,*,*,*,*,*,*,*,*,*,*,*,*
Dec-03-2015,500,525,525,*,525,*,*,500,*,*,736,736,736,736,736,*,*,*,*,*,*,*,*,*,*,*,*,*,*,*
Dec-04-2015,500,525,525,*,525,*,*,500,*,*,736,736,736,736,736,*,*,*,*,*,*,*,*,*,*,*,*,*,*,*
Dec-05-2015,500,525,525,*,525,*,*,500,*,*,736,736,736,736,736,*,*,*,*,*,*,*,*,*,*,*,*,*,*,*
Dec-06-2015,500,525,525,*,525,*,*,500,*,*,736,736,736,736,736,*,*,*,*,*,*,*,*,*,*,*,*,*,*,*
Dec-07-2015,500,525,525,*,525,*,*,500,*,*,736,736,736,736,736,*,*,*,*,*,*,*,*,*,*,*,*,*,*,*
Dec-08-2015,500,525,525,*,525,*,*,500,*,*,736,736,736,736,736,*,*,*,*,*,*,*,*,*,*,*,*,*,*,*
Dec-09-2015,500,525,525,*,525,*,*,500,*,*,736,736,736,736,736,*,*,*,*,*,*,*,*,*,*,*,*,*,*,*
Dec-10-2015,500,525,525,*,525,*,*,500,*,*,736,736,736,736,736,*,*,*,*,*,*,*,*,*,*,*,*,*,*,*
Dec-11-2015,500,525,525,*,525,*,*,500,*,*,736,736,736,736,736,*,*,*,*,*,*,*,*,*,*,*,*,*,*,*
Dec-12-2015,500,525,525,*,525,*,*,500,*,*,736,736,736,736,736,*,*,*,*,*,*,*,*,*,*,*,*,*,*,*
Dec-13-2015,500,525,525,*,525,*,*,500,*,*,736,736,736,736,736,*,*,*,*,*,*,*,*,*,*,*,*,*,*,*
Dec-14-2015,500,525,525,*,525,*,*,500,*,*,736,736,736,736,736,*,*,*,*,*,*,*,*,*,*,*,*,*,*,*
Dec-15-2015,500,525,525,*,525,*,*,500,*,*,736,736,736,736,736,*,*,*,*,*,*,*,*,*,*,*,*,*,*,*
Dec-16-2015,500,525,525,*,525,*,*,500,*,*,736,736,736,736,736,*,*,*,*,*,*,*,*,*,*,*,*,*,*,*
Dec-17-2015,500,525,525,*,525,*,*,500,*,*,736,736,736,736,736,*,*,*,*,*,*,*,*,*,*,*,*,*,*,*
Dec-18-2015,500,525,525,*,525,*,*,500,*,*,736,736,736,736,736,*,*,*,*,*,*,*,*,*,*,*,*,*,*,*
Dec-19-2015,500,525,525,*,525,*,*,500,*,*,736,736,736,736,736,*,*,*,*,*,*,*,*,*,*,*,*,*,*,*
Dec-20-2015,500,525,525,*,525,*,*,500,*,*,736,736,736,736,736,*,*,*,*,*,*,*,*,*,*,*,*,*,*,*
Dec-21-2015,500,525,525,*,525,*,*,500,*,*,736,736,736,736,736,*,*,*,*,*,*,*,*,*,*,*,*,*,*,*
Dec-22-2015,500,525,525,*,525,*,*,500,*,*,736,736,736,736,736,*,*,*,*,*,*,*,*,*,*,*,*,*,*,*
Dec-23-2015,500,525,525,*,525,*,*,500,*,*,736,736,736,736,736,*,*,*,*,*,*,*,*,*,*,*,*,*,*,*
Dec-24-2015,500,525,525,*,525,*,*,500,*,*,736,736,736,736,736,*,*,*,*,*,*,*,*,*,*,*,*,*,*,*
Dec-25-2015,500,525,525,*,525,*,*,500,*,*,736,736,736,736,736,*,*,*,*,*,*,*,*,*,*,*,*,*,*,*
Dec-26-2015,500,525,525,*,525,*,*,500,*,*,736,736,736,736,736,*,*,*,*,*,*,*,*,*,*,*,*,*,*,*
Dec-27-2015,500,525,525,*,525,*,*,500,*,*,736,736,736,736,736,*,*,*,*,*,*,*,*,*,*,*,*,*,*,*
Dec-28-2015,500,525,525,*,525,*,*,500,*,*,736,736,736,736,736,*,*,*,*,*,*,*,*,*,*,*,*,*,*,*
Dec-29-2015,500,525,525,*,525,*,*,500,*,*,736,736,736,736,736,*,*,*,*,*,*,*,*,*,*,*,*,*,*,*
Dec-30-2015,500,525,525,*,525,*,*,500,*,*,736,736,736,736,736,*,*,*,*,*,*,*,*,*,*,*,*,*,*,*
Dec-31-2015,500,525,525,*,525,*,*,500,*,*,736,736,736,736,736,*,*,*,*,*,*,*,*,*,*,*,*,*,*,*
